id;overview;project_description;end_date;created_by;created_date;modified_by;modified_date
1;cross-media Response Incredible;Lodge Trafficway;2020-09-23;Handcrafted Cotton Cheese parsing paymen;2020-09-23;green bypass compress;2020-09-23
2;digital Small Interactions;Cambridgeshire;2020-09-23;PCI Avon Global;2020-09-24;Awesome;2020-09-23
3;Money Market Account deposit;Skyway sticky Regional;2020-09-23;interface;2020-09-23;Hills Kenyan Shilling redefine;2020-09-23
4;Enterprise-wide;even-keeled bifurcated;2020-09-23;connect syndicate Summit;2020-09-23;syndicate Personal Loan Account generati;2020-09-24
5;communities;Indonesia overriding;2020-09-23;Engineer Research Honduras;2020-09-23;Licensed Direct payment;2020-09-23
6;copy 24/7;backing up Burundi online;2020-09-23;Mountains Key Usability;2020-09-23;Syrian Pound Namibia;2020-09-23
7;context-sensitive Armenian Dram hacking;Automotive experiences;2020-09-24;black indigo;2020-09-23;Future Buckinghamshire;2020-09-23
8;Cook Islands;lime Home Loan Account;2020-09-23;Handcrafted;2020-09-23;Implementation Colombia Developer;2020-09-23
9;program productize;Universal invoice Sleek Soft Table;2020-09-23;stable Syrian Pound navigating;2020-09-23;Palau Loop;2020-09-23
10;core Specialist Engineer;hard drive portals Table;2020-09-23;Fresh programming parsing;2020-09-23;Buckinghamshire Clothing;2020-09-23
